"restaurant_id","restaurant_name","city","total_revenue"
1,"Chai & Chat 1","Delhi","1433.17"
2,"The Curry Leaf 2","Mumbai","681.24"
3,"South Spice 3","Kolkata","5731.05"
4,"Royal Tandoor 4","Delhi","4359.09"
5,"The Hungry Panda 5","Kolkata","887.08"
6,"Madras Cafe 6","Kolkata","1827.22"
7,"Dragon Wok 7","Bangalore","1494.43"
8,"Bombay Bistro 8","Chennai","2117.14"
9,"Delhi Darbar 9","Bangalore","3387.91"
10,"Curry Kingdom 10","Bangalore","474.81"
11,"Punjabi Dhaba 11","Delhi","1506.56"
12,"Curry Kingdom 12","Chennai","6136.88"
13,"Rasoi Ghar 13","Kolkata","3882.11"
14,"Madras Cafe 14","Delhi","2105.12"
15,"Mumbai Masala 15","Bangalore","1491.48"
16,"Taste of Punjab 16","Delhi","4522.62"
17,"Chai & Chat 17","Bangalore","3156.61"
18,"Delhi Darbar 18","Bangalore","2543.11"
19,"Chai & Chat 19","Delhi","3342.24"
20,"Pizza Junction 20","Mumbai","3411.51"
21,"Masala Magic 21","Kolkata","4496.29"
22,"Rasoi Ghar 22","Delhi","1116.89"
23,"Punjabi Dhaba 23","Bangalore","1091.50"
24,"Delhi Darbar 24","Kolkata","5863.55"
25,"Chai & Chat 25","Chennai","4910.43"
26,"Chai & Chat 26","Chennai","3329.29"
27,"The Curry Leaf 27","Kolkata","2846.15"
28,"Dragon Wok 28","Chennai","3879.29"
29,"The Curry Leaf 29","Mumbai","1037.13"
30,"Mumbai Masala 30","Delhi","990.89"
31,"Bombay Bistro 31","Chennai","4735.75"
32,"Annapurna Bhavan 32","Kolkata","2814.75"
33,"Pizza Junction 33","Delhi","2755.36"
34,"South Spice 34","Kolkata","5793.37"
35,"Flavours of India 35","Delhi","6658.59"
36,"Mughal Mahal 36","Delhi","1072.45"
37,"Masala Magic 37","Kolkata","1842.53"
38,"Curry Kingdom 38","Bangalore","3254.68"
39,"Delhi Darbar 39","Mumbai","1233.32"
40,"Pizza Junction 40","Kolkata","5333.85"
41,"Golden Spoon 41","Delhi","11065.40"
42,"The Food Studio 42","Bangalore","579.90"
43,"The Food Studio 43","Kolkata","2182.36"
44,"Golden Spoon 44","Delhi","5708.91"
45,"Saffron Delight 45","Chennai","1854.71"
46,"The Hungry Panda 46","Kolkata","5077.01"
47,"CafÃ© Masaledar 47","Kolkata","4406.02"
48,"Madras Cafe 48","Bangalore","3476.59"
50,"Mughal Mahal 50","Delhi","2013.08"
51,"Flavours of India 51","Delhi","3746.74"
52,"Dragon Wok 52","Mumbai","6141.66"
53,"Chai & Chat 53","Delhi","3991.22"
54,"Royal Tandoor 54","Bangalore","5206.84"
55,"Masala Magic 55","Chennai","7137.17"
56,"Kolkata Kitchen 56","Kolkata","8725.18"
57,"Punjabi Dhaba 57","Chennai","74.42"
58,"Curry Kingdom 58","Chennai","2434.00"
59,"Mughal Mahal 59","Delhi","2434.58"
60,"Chai & Chat 60","Delhi","6008.48"
61,"Flavours of India 61","Delhi","3576.26"
62,"Pizza Junction 62","Chennai","1982.68"
63,"Masala Magic 63","Chennai","6786.59"
64,"Biryani House 64","Chennai","1661.39"
65,"Chai & Chat 65","Kolkata","22.25"
66,"CafÃ© Masaledar 66","Mumbai","3746.02"
67,"Golden Spoon 67","Mumbai","5049.71"
68,"Bombay Bistro 68","Chennai","994.49"
69,"Masala Magic 69","Chennai","6266.34"
70,"Kolkata Kitchen 70","Kolkata","3384.87"
71,"Saffron Delight 71","Mumbai","11001.43"
72,"Royal Tandoor 72","Kolkata","1489.40"
73,"Kolkata Kitchen 73","Bangalore","5650.35"
74,"Golden Spoon 74","Kolkata","7271.42"
75,"The Hungry Panda 75","Delhi","1137.96"
76,"Biryani House 76","Mumbai","313.04"
77,"The Food Studio 77","Kolkata","5228.25"
79,"Dragon Wok 79","Kolkata","6104.44"
80,"Masala Magic 80","Mumbai","3760.65"
82,"Chai & Chat 82","Bangalore","1187.64"
83,"Mumbai Masala 83","Delhi","3890.40"
84,"Dragon Wok 84","Delhi","5886.62"
85,"The Hungry Panda 85","Bangalore","6110.71"
86,"The Food Studio 86","Delhi","8230.37"
87,"Bombay Bistro 87","Chennai","2129.05"
88,"Burger Factory 88","Kolkata","6297.51"
90,"The Food Studio 90","Mumbai","6476.27"
91,"Curry Kingdom 91","Kolkata","6016.86"
92,"Burger Factory 92","Mumbai","13162.58"
93,"South Spice 93","Bangalore","6982.75"
94,"The Food Studio 94","Delhi","4605.59"
95,"Rasoi Ghar 95","Bangalore","4502.08"
96,"Mumbai Masala 96","Mumbai","5772.33"
97,"Bombay Bistro 97","Chennai","3167.79"
98,"Pizza Junction 98","Delhi","2588.98"
99,"The Food Studio 99","Mumbai","4317.79"
100,"Chutney Express 100","Kolkata","2318.46"
101,"Saffron Delight 101","Delhi","2558.36"
102,"CafÃ© Masaledar 102","Delhi","3135.88"
103,"The Curry Leaf 103","Delhi","7027.01"
104,"The Food Studio 104","Chennai","6095.20"
105,"CafÃ© Masaledar 105","Mumbai","1820.26"
106,"Punjabi Dhaba 106","Mumbai","233.75"
107,"Kolkata Kitchen 107","Bangalore","2029.09"
108,"Taste of Punjab 108","Mumbai","2115.30"
109,"Madras Cafe 109","Delhi","3397.43"
110,"Taste of Punjab 110","Chennai","1825.52"
111,"CafÃ© Masaledar 111","Chennai","2506.03"
112,"Punjabi Dhaba 112","Mumbai","8374.05"
113,"Delhi Darbar 113","Chennai","568.12"
114,"Biryani House 114","Bangalore","452.08"
115,"Annapurna Bhavan 115","Kolkata","4588.65"
116,"Curry Kingdom 116","Bangalore","299.43"
117,"Masala Magic 117","Delhi","4704.60"
118,"Chutney Express 118","Bangalore","4286.45"
119,"The Hungry Panda 119","Delhi","2079.63"
120,"Delhi Darbar 120","Bangalore","7763.58"
121,"Spice Villa 121","Kolkata","2757.35"
122,"Kolkata Kitchen 122","Mumbai","5891.62"
123,"South Spice 123","Bangalore","2077.05"
124,"Taste of Punjab 124","Delhi","3449.34"
125,"The Hungry Panda 125","Bangalore","2361.01"
126,"Annapurna Bhavan 126","Bangalore","4305.80"
127,"Tandoori Nights 127","Chennai","4727.45"
128,"Bombay Bistro 128","Kolkata","3377.89"
129,"Pizza Junction 129","Delhi","1771.41"
130,"Tandoori Nights 130","Kolkata","2416.39"
131,"Mughal Mahal 131","Chennai","820.54"
132,"The Hungry Panda 132","Chennai","2712.52"
133,"Biryani House 133","Bangalore","5538.42"
134,"Burger Factory 134","Bangalore","3494.25"
135,"Mumbai Masala 135","Mumbai","6176.70"
136,"Punjabi Dhaba 136","Mumbai","6686.82"
137,"The Curry Leaf 137","Chennai","3491.64"
138,"Biryani House 138","Chennai","3294.28"
139,"Dragon Wok 139","Mumbai","1830.72"
140,"Golden Spoon 140","Chennai","4557.62"
141,"Madras Cafe 141","Delhi","2221.07"
142,"The Curry Leaf 142","Mumbai","6948.59"
143,"Royal Tandoor 143","Kolkata","5409.79"
144,"Curry Kingdom 144","Chennai","1287.38"
145,"South Spice 145","Kolkata","5493.93"
146,"Mumbai Masala 146","Chennai","7868.08"
147,"The Food Studio 147","Kolkata","9413.07"
148,"Pizza Junction 148","Chennai","4484.77"
149,"Golden Spoon 149","Chennai","1899.37"
150,"Rasoi Ghar 150","Bangalore","4845.14"
151,"The Curry Leaf 151","Bangalore","876.22"
152,"Urban Tadka 152","Mumbai","575.60"
153,"The Food Studio 153","Kolkata","872.21"
154,"The Curry Leaf 154","Chennai","4112.64"
155,"Delhi Darbar 155","Delhi","7374.86"
156,"Pizza Junction 156","Chennai","7956.84"
157,"Rasoi Ghar 157","Chennai","3459.53"
158,"Dragon Wok 158","Delhi","7537.08"
159,"Spice Villa 159","Bangalore","4300.69"
160,"Taste of Punjab 160","Chennai","2134.64"
161,"Pizza Junction 161","Kolkata","8906.70"
162,"Masala Magic 162","Chennai","3466.00"
163,"Flavours of India 163","Chennai","2120.49"
164,"Mughal Mahal 164","Mumbai","6519.98"
165,"CafÃ© Masaledar 165","Chennai","936.52"
166,"Spice Villa 166","Delhi","3753.88"
167,"Taste of Punjab 167","Chennai","5153.39"
168,"Annapurna Bhavan 168","Bangalore","7496.39"
169,"Flavours of India 169","Chennai","3132.70"
170,"Rasoi Ghar 170","Chennai","3238.72"
171,"Golden Spoon 171","Delhi","2138.26"
172,"Chutney Express 172","Mumbai","6740.17"
173,"Chai & Chat 173","Delhi","3638.62"
174,"Delhi Darbar 174","Delhi","7169.82"
175,"Saffron Delight 175","Chennai","3214.93"
176,"Delhi Darbar 176","Chennai","13877.56"
177,"Chutney Express 177","Mumbai","6648.56"
178,"Kolkata Kitchen 178","Delhi","1137.91"
179,"Curry Kingdom 179","Kolkata","5274.47"
180,"Dragon Wok 180","Chennai","2531.56"
181,"Delhi Darbar 181","Delhi","4215.27"
182,"Chai & Chat 182","Mumbai","3607.14"
183,"Urban Tadka 183","Kolkata","2517.46"
184,"Dragon Wok 184","Delhi","6702.09"
185,"South Spice 185","Bangalore","2695.82"
186,"Flavours of India 186","Delhi","3398.63"
187,"Curry Kingdom 187","Chennai","2892.83"
188,"Rasoi Ghar 188","Chennai","3982.18"
189,"Bombay Bistro 189","Kolkata","172.20"
190,"Punjabi Dhaba 190","Kolkata","2962.98"
191,"Rasoi Ghar 191","Kolkata","3284.28"
192,"The Curry Leaf 192","Delhi","1334.08"
193,"The Curry Leaf 193","Chennai","5691.44"
194,"Annapurna Bhavan 194","Bangalore","1689.42"
195,"Flavours of India 195","Mumbai","4410.94"
196,"Punjabi Dhaba 196","Bangalore","6271.64"
197,"Burger Factory 197","Bangalore","1080.04"
198,"Delhi Darbar 198","Delhi","4029.99"
199,"Golden Spoon 199","Kolkata","3795.31"
200,"Chai & Chat 200","Chennai","9419.76"
201,"Biryani House 201","Bangalore","8083.05"
202,"The Curry Leaf 202","Bangalore","2233.16"
203,"Golden Spoon 203","Kolkata","5692.39"
204,"Kolkata Kitchen 204","Kolkata","2883.38"
205,"Mughal Mahal 205","Bangalore","4586.87"
206,"Curry Kingdom 206","Mumbai","3953.87"
207,"Pizza Junction 207","Mumbai","4200.31"
208,"Golden Spoon 208","Bangalore","1245.43"
210,"Curry Kingdom 210","Mumbai","1572.84"
211,"Bombay Bistro 211","Bangalore","3284.93"
212,"Saffron Delight 212","Bangalore","10926.50"
213,"Pizza Junction 213","Bangalore","9479.48"
214,"Chai & Chat 214","Chennai","5223.16"
215,"Dragon Wok 215","Bangalore","8108.65"
216,"Flavours of India 216","Mumbai","582.41"
217,"Taste of Punjab 217","Chennai","558.00"
218,"Annapurna Bhavan 218","Chennai","6292.83"
219,"South Spice 219","Delhi","5813.48"
220,"Dragon Wok 220","Bangalore","4343.35"
222,"Punjabi Dhaba 222","Kolkata","2798.23"
223,"Annapurna Bhavan 223","Chennai","5209.31"
224,"Dragon Wok 224","Chennai","137.26"
225,"Royal Tandoor 225","Kolkata","3702.71"
226,"Mumbai Masala 226","Mumbai","5377.35"
227,"South Spice 227","Delhi","1919.07"
228,"Pizza Junction 228","Delhi","5537.71"
229,"Mughal Mahal 229","Kolkata","3393.46"
230,"The Curry Leaf 230","Bangalore","5974.01"
231,"Taste of Punjab 231","Chennai","1491.62"
232,"CafÃ© Masaledar 232","Bangalore","4988.42"
233,"Punjabi Dhaba 233","Mumbai","6567.24"
235,"Biryani House 235","Delhi","3686.64"
236,"Burger Factory 236","Kolkata","5930.62"
237,"Mughal Mahal 237","Bangalore","7457.34"
238,"Masala Magic 238","Kolkata","4949.20"
239,"Biryani House 239","Kolkata","4390.06"
240,"Kolkata Kitchen 240","Bangalore","3650.35"
241,"Biryani House 241","Mumbai","657.54"
242,"Dragon Wok 242","Kolkata","7591.44"
243,"South Spice 243","Bangalore","5328.49"
244,"Mumbai Masala 244","Mumbai","4171.86"
245,"Mughal Mahal 245","Bangalore","178.45"
246,"Tandoori Nights 246","Chennai","450.15"
247,"Tandoori Nights 247","Bangalore","1546.11"
248,"Taste of Punjab 248","Mumbai","4061.20"
249,"Golden Spoon 249","Bangalore","7541.99"
250,"Rasoi Ghar 250","Kolkata","4065.79"
251,"Flavours of India 251","Bangalore","6030.77"
252,"Mumbai Masala 252","Chennai","9088.22"
253,"Spice Villa 253","Kolkata","8782.96"
254,"Delhi Darbar 254","Kolkata","3526.72"
255,"Golden Spoon 255","Chennai","4782.22"
256,"Pizza Junction 256","Mumbai","3077.58"
257,"Madras Cafe 257","Chennai","2874.00"
258,"Chai & Chat 258","Kolkata","1215.24"
259,"Urban Tadka 259","Kolkata","6866.20"
260,"Biryani House 260","Mumbai","2637.30"
261,"Curry Kingdom 261","Mumbai","3820.41"
262,"Urban Tadka 262","Kolkata","353.45"
263,"Rasoi Ghar 263","Chennai","4130.07"
264,"Pizza Junction 264","Mumbai","2424.52"
265,"Burger Factory 265","Kolkata","3560.02"
266,"Taste of Punjab 266","Delhi","2236.04"
267,"Taste of Punjab 267","Chennai","5697.45"
268,"The Hungry Panda 268","Bangalore","5905.06"
269,"Urban Tadka 269","Kolkata","6514.41"
270,"Golden Spoon 270","Mumbai","2633.55"
271,"Chutney Express 271","Bangalore","309.44"
272,"Annapurna Bhavan 272","Chennai","3447.26"
273,"Madras Cafe 273","Mumbai","337.59"
274,"Taste of Punjab 274","Chennai","4711.23"
275,"Golden Spoon 275","Chennai","2374.23"
276,"Punjabi Dhaba 276","Mumbai","7791.88"
277,"Saffron Delight 277","Kolkata","3062.05"
278,"Curry Kingdom 278","Chennai","4661.41"
279,"Mughal Mahal 279","Delhi","662.54"
280,"Taste of Punjab 280","Mumbai","3497.93"
281,"Masala Magic 281","Bangalore","2012.05"
282,"Chai & Chat 282","Delhi","590.52"
283,"Taste of Punjab 283","Kolkata","937.88"
284,"Chai & Chat 284","Chennai","7649.69"
285,"Biryani House 285","Mumbai","7662.93"
286,"Urban Tadka 286","Mumbai","4587.98"
287,"Curry Kingdom 287","Delhi","3219.81"
288,"Urban Tadka 288","Delhi","12386.44"
289,"Royal Tandoor 289","Bangalore","2857.70"
290,"Saffron Delight 290","Mumbai","3921.07"
291,"South Spice 291","Mumbai","6539.18"
292,"Burger Factory 292","Chennai","6170.30"
293,"Golden Spoon 293","Kolkata","6241.83"
294,"Chai & Chat 294","Bangalore","3020.34"
295,"Spice Villa 295","Chennai","8926.39"
296,"Bombay Bistro 296","Delhi","7841.98"
297,"Dragon Wok 297","Bangalore","4564.41"
298,"Madras Cafe 298","Bangalore","1295.28"
299,"Delhi Darbar 299","Chennai","1864.71"
300,"Annapurna Bhavan 300","Kolkata","6956.08"
